{"surrogate": {"params": ["w_soybelt", "f_loss", "epsilon_yield", "price_soy_usd_t", "discount_r"], "x_mean": [0.2254901054835844, 0.49817117359591967, 0.34911157233021145, 461.33408578948047, 0.07984737255950645], "x_scale": [0.10117130101333718, 0.2317415419733456, 0.14398556481134303, 115.62397195862417, 0.022976362290636668], "y_mean": [5.773687784133127, 13.024784236033828], "y_scale": [0.9839187757452809, 0.9614863011178566], "W1": [[0.005794043901158845, 0.3109484215184854, 0.02433734631579979, 0.19417033122067737, 0.07764930379584982, 1.0602607996290194, -0.007582872177038913, 0.6808264240680347, 0.046921230752444004, -0.0061912526069062895, 0.7645544057381622, 0.023631686243755105, -0.7543823473275663, 0.5807781820568296, -1.2162788981268333, -0.8406804197938915], [-0.9611623290298372, 0.15055282093487574, -0.0017696916950721226, 0.28432347139889713, -0.03800182789773195, -0.0083486793371917, -0.7177039885237569, 0.3283212205879046, 0.00530543608131844, 0.08375237407782117, -0.15869047746006987, 0.0357172004739705, 0.019094020086752036, 0.269899132176093, -0.5485663093836199, 0.17785555779420814], [0.010145445203192403, 0.11692527313142315, -0.9129175291670422, 0.057100717758561216, 0.07146473659094049, -0.02929473452374754, 0.00700781756360345, 0.2551061035260427, -0.02085564199497243, 0.013338040031194917, 0.2699754623204128, -0.003155704574052647, 0.1765591554905737, 0.2310866001466031, -0.505002262243298, -0.31938482734143114], [-0.003328910307188114, -0.07872064932518288, 0.013723605327779165, 0.14861242480145836, 0.011011802314813529, -0.005607087654938092, -0.01483291758017818, -0.17572454547641153, -0.8853061199895292, 0.026607645204524164, 0.3940812168049867, 0.01753706879436944, 1.1976146297999995e-05, -0.1425490870716653, 0.30245462823757513, -0.40591857672043347], [-0.0006237292192392046, -0.06599480045300651, 0.006739352148779863, -0.05622720993232958, 0.21457844424034542, -0.0038114079274403543, -0.004985903989228049, -0.14676992300702912, 0.01679816318041463, -0.24551271370166894, 0.06732302723035236, -0.6238346861839181, 0.00827986450401001, -0.11210112572441687, 0.22035010181929618, -0.0759876712590679]], "b1": [-1.0633083668606467, 0.05945740302236151, -0.5457713208636586, 1.0174373115391993, 0.6025173554337228, 1.2019898255779469, 0.005761450489933597, 0.12425910701473578, -0.14618809288791043, 0.548092796045112, 0.20620585961884938, 0.02175083166592705, -0.07512462873786413, 0.10758985973146626, -0.22034736561477383, -0.22238663544214643], "W2": [[-0.8085316970474624, -0.8396220405155711], [0.456681462372639, -0.4233280154495614], [-0.503529206997532, -0.5211072811500403], [0.6752130168270778, 0.9173837301179327], [-0.08100132295860463, 0.20308076440499148], [-0.5581062396193975, -0.5733156965529138], [-0.4155165864574583, -0.4263209134624867], [0.05771500359346075, 0.5281187682917583], [-0.13105791470267325, -0.13427335317054248], [0.366161027654577, -0.23446098464472753], [0.5052807491537833, 0.45946339524111207], [0.0895322156608861, 0.0016872654509466787], [-0.286836816002983, -0.2919085360817714], [0.39327566867913255, 0.290860184743834], [-0.39556710835908343, -0.3928066286286505], [-0.5531931135151914, -0.514966080586101]], "b2": [0.10511191464039453, 0.08866934899450336], "activation": "relu", "n_params": 130}, "priors": {"w_soybelt": {"dist": "lognormal", "mean": 0.2034, "sd": 0.085}, "epsilon_yield": {"dist": "normal", "mean": 0.33, "sd": 0.1}, "price_soy_usd_t": {"dist": "normal", "mean": 461.5, "sd": 79}, "discount_r": {"dist": "uniform", "lo": 0.04, "hi": 0.12}, "f_loss_sd": 0.15}, "scenario_f": {"low": 0.25, "central": 0.5, "high": 0.75}, "reference_exposure_usd": 2999750000.0, "parcels": [{"name": "Ouro Verde", "area_ha": 105869}, {"name": "Seringal Cuata", "area_ha": 116700}, {"name": "Terra Nova", "area_ha": 101973}], "graph": {"nodes": [{"id": "source", "type": "source_parcel", "name": "Amazonas source parcels", "lon": -67.25, "lat": -6.0, "area_ha": 324542, "et_rate_m_yr": 1.28}, {"id": "state_11", "type": "sink_state", "uf": 11, "name": "RO", "lon": -63.41, "lat": -10.836, "moisture_share": 0.3901, "inflow_m3yr": 41735789101.5}, {"id": "state_17", "type": "sink_state", "uf": 17, "name": "TO", "lon": -48.426, "lat": -9.352, "moisture_share": 0.0011, "inflow_m3yr": 112580910.9}, {"id": "state_21", "type": "sink_state", "uf": 21, "name": "MA", "lon": -45.273, "lat": -5.734, "moisture_share": 0.0, "inflow_m3yr": 334110.3}, {"id": "state_22", "type": "sink_state", "uf": 22, "name": "PI", "lon": -41.904, "lat": -6.84, "moisture_share": 0.0, "inflow_m3yr": 460151.0}, {"id": "state_29", "type": "sink_state", "uf": 29, "name": "BA", "lon": -42.567, "lat": -13.448, "moisture_share": 0.0002, "inflow_m3yr": 17340588.9}, {"id": "state_31", "type": "sink_state", "uf": 31, "name": "MG", "lon": -45.176, "lat": -18.583, "moisture_share": 0.017, "inflow_m3yr": 1817063105.3}, {"id": "state_35", "type": "sink_state", "uf": 35, "name": "SP", "lon": -49.233, "lat": -22.544, "moisture_share": 0.0292, "inflow_m3yr": 3126652672.1}, {"id": "state_41", "type": "sink_state", "uf": 41, "name": "PR", "lon": -51.818, "lat": -24.625, "moisture_share": 0.0532, "inflow_m3yr": 5687415194.7}, {"id": "state_42", "type": "sink_state", "uf": 42, "name": "SC", "lon": -49.924, "lat": -27.663, "moisture_share": 0.0213, "inflow_m3yr": 2275890047.1}, {"id": "state_43", "type": "sink_state", "uf": 43, "name": "RS", "lon": -53.795, "lat": -30.414, "moisture_share": 0.0652, "inflow_m3yr": 6973448155.6}, {"id": "state_50", "type": "sink_state", "uf": 50, "name": "MS", "lon": -54.789, "lat": -20.621, "moisture_share": 0.1249, "inflow_m3yr": 13362400738.2}, {"id": "state_51", "type": "sink_state", "uf": 51, "name": "MT", "lon": -55.356, "lat": -12.734, "moisture_share": 0.2719, "inflow_m3yr": 29091529191.9}, {"id": "state_52", "type": "sink_state", "uf": 52, "name": "GO", "lon": -50.287, "lat": -15.965, "moisture_share": 0.0261, "inflow_m3yr": 2789387884.8}], "edges": [{"source": "source", "target": "state_11", "uf": 11, "flow_m3yr": 41735789101.5, "moisture_share": 0.3901}, {"source": "source", "target": "state_17", "uf": 17, "flow_m3yr": 112580910.9, "moisture_share": 0.0011}, {"source": "source", "target": "state_21", "uf": 21, "flow_m3yr": 334110.3, "moisture_share": 0.0}, {"source": "source", "target": "state_22", "uf": 22, "flow_m3yr": 460151.0, "moisture_share": 0.0}, {"source": "source", "target": "state_29", "uf": 29, "flow_m3yr": 17340588.9, "moisture_share": 0.0002}, {"source": "source", "target": "state_31", "uf": 31, "flow_m3yr": 1817063105.3, "moisture_share": 0.017}, {"source": "source", "target": "state_35", "uf": 35, "flow_m3yr": 3126652672.1, "moisture_share": 0.0292}, {"source": "source", "target": "state_41", "uf": 41, "flow_m3yr": 5687415194.7, "moisture_share": 0.0532}, {"source": "source", "target": "state_42", "uf": 42, "flow_m3yr": 2275890047.1, "moisture_share": 0.0213}, {"source": "source", "target": "state_43", "uf": 43, "flow_m3yr": 6973448155.6, "moisture_share": 0.0652}, {"source": "source", "target": "state_50", "uf": 50, "flow_m3yr": 13362400738.2, "moisture_share": 0.1249}, {"source": "source", "target": "state_51", "uf": 51, "flow_m3yr": 29091529191.9, "moisture_share": 0.2719}, {"source": "source", "target": "state_52", "uf": 52, "flow_m3yr": 2789387884.8, "moisture_share": 0.0261}], "w_soybelt": 0.2034}, "overlay": {"scenarios": {"low": [{"uf": 51, "state": "MT", "production_share": 0.275, "moisture_share": 0.2719, "uk_var95_usd": 233993.0}, {"uf": 41, "state": "PR", "production_share": 0.134, "moisture_share": 0.0532, "uk_var95_usd": 114018.0}, {"uf": 43, "state": "RS", "production_share": 0.13, "moisture_share": 0.0652, "uk_var95_usd": 110615.0}, {"uf": 52, "state": "GO", "production_share": 0.121, "moisture_share": 0.0261, "uk_var95_usd": 102957.0}, {"uf": 50, "state": "MS", "production_share": 0.081, "moisture_share": 0.1249, "uk_var95_usd": 68922.0}, {"uf": 29, "state": "BA", "production_share": 0.055,