{
  "bin_edges_usd": [
    0.0,
    114297.23651764168,
    228594.47303528336,
    342891.709552925,
    457188.9460705667,
    571486.1825882084,
    685783.41910585,
    800080.6556234917,
    914377.8921411334,
    1028675.1286587751,
    1142972.3651764167,
    1257269.6016940584,
    1371566.8382117,
    1485864.0747293418,
    1600161.3112469835,
    1714458.5477646252,
    1828755.7842822669,
    1943053.0207999086,
    2057350.2573175502,
    2171647.4938351917,
    2285944.7303528334,
    2400241.966870475,
    2514539.203388117,
    2628836.4399057585,
    2743133.6764234,
    2857430.912941042,
    2971728.1494586836,
    3086025.3859763253,
    3200322.622493967,
    3314619.8590116086,
    3428917.0955292503,
    3543214.332046892,
    3657511.5685645337,
    3771808.8050821754,
    3886106.041599817,
    4000403.278117459,
    4114700.5146351005,
    4228997.751152742,
    4343294.987670383,
    4457592.224188025,
    4571889.460705667,
    4686186.6972233085,
    4800483.93374095,
    4914781.170258592,
    5029078.406776234,
    5143375.643293875,
    5257672.879811517,
    5371970.116329159,
    5486267.3528468,
    5600564.589364442,
    5714861.825882084,
    5829159.062399725,
    5943456.298917367,
    6057753.535435009,
    6172050.7719526505,
    6286348.008470292,
    6400645.244987934,
    6514942.481505576,
    6629239.718023217,
    6743536.954540859,
    6857834.191058501
  ],
  "counts": [
    1225,
    5757,
    8328,
    7917,
    6537,
    5165,
    3866,
    2825,
    2071,
    1552,
    1117,
    835,
    663,
    522,
    356,
    279,
    217,
    155,
    145,
    102,
    79,
    60,
    43,
    31,
    19,
    26,
    13,
    16,
    16,
    9,
    13,
    7,
    4,
    2,
    4,
    4,
    1,
    3,
    1,
    0,
    2,
    1,
    1,
    2,
    1,
    1,
    0,
    1,
    0,
    1,
    1,
    1,
    0,
    0,
    1,
    0,
    1,
    0,
    0,
    1
  ],
  "var95": 1416743.3956668659,
  "es95": 1884825.6133946292,
  "var99": 2147196.559313344,
  "es99": 2700065.1662200596,
  "median_usd": 485843.79689758876,
  "n": 50000,
  "seed": 42,
  "_note": "50,000-draw epistemic loss distribution (central scenario)."
}