{
  "perha": {
    "low": 167.46622135090507,
    "central": 350.4166516534236,
    "high": 531.5287013245235
  },
  "perha_p5": 110.63685356704732,
  "perha_p50": 350.4166516534236,
  "perha_p95": 1017.3345545430356,
  "parcels": [
    {
      "name": "Ouro Verde",
      "area_ha": 105869,
      "perha_low": 167.46622135090507,
      "perha_central": 350.4166516534236,
      "perha_high": 531.5287013245235,
      "total_central_usd": 37098260.493896306
    },
    {
      "name": "Seringal Cuata",
      "area_ha": 116700,
      "perha_low": 167.46622135090507,
      "perha_central": 350.4166516534236,
      "perha_high": 531.5287013245235,
      "total_central_usd": 40893623.24795454
    },
    {
      "name": "Terra Nova",
      "area_ha": 101973,
      "perha_low": 167.46622135090507,
      "perha_central": 350.4166516534236,
      "perha_high": 531.5287013245235,
      "total_central_usd": 35733037.219054565
    }
  ],
  "land_price_ref_usd_ha": 295,
  "land_price_provenance": "INCRA, Atlas do Mercado de Terras 2025 (ref. Dec 2024), AM-1502 Oeste Amazonense all-use average VTI R$1,525.62/ha; FX BRL->USD 0.1934 (26 Jun 2026) = USD 295/ha. Degraded-pasture VTN lower anchor ~USD 210/ha. Cross-check: Receita Federal VTN 2022 (parcel municipalities R$271-1,116/ha).",
  "baker_annual_usd_ha_yr": 62,
  "engine_annual_equiv_usd_ha_yr": 31.1,
  "_note": "Avoided-loss $/ha (30-yr NPV). Area-invariant at fixed w, so per-ha is uniform across parcels; total scales with area. f_loss is a non-backtested scenario -> reported as a RANGE. Lower bound (water + one crop + one sink)."
}