{
  "f_loss": [
    0.1,
    0.125,
    0.15000000000000002,
    0.17500000000000002,
    0.2,
    0.225,
    0.25,
    0.275,
    0.30000000000000004,
    0.325,
    0.35,
    0.375,
    0.4,
    0.42500000000000004,
    0.45000000000000007,
    0.475,
    0.5,
    0.525,
    0.55,
    0.5750000000000001,
    0.6,
    0.625,
    0.65,
    0.675,
    0.7000000000000001,
    0.725,
    0.75,
    0.775,
    0.8,
    0.8250000000000001,
    0.85,
    0.875,
    0.9
  ],
  "w_soybelt": [
    0.05,
    0.0625,
    0.07500000000000001,
    0.08750000000000001,
    0.1,
    0.1125,
    0.125,
    0.1375,
    0.15000000000000002,
    0.1625,
    0.175,
    0.1875,
    0.2,
    0.21250000000000002,
    0.22500000000000003,
    0.2375,
    0.25,
    0.2625,
    0.275,
    0.28750000000000003,
    0.3,
    0.3125,
    0.325,
    0.3375,
    0.35000000000000003,
    0.3625,
    0.375,
    0.3875,
    0.4,
    0.41250000000000003,
    0.425,
    0.4375,
    0.45
  ],
  "perha": [
    [
      19.8,
      24.8,
      29.7,
      34.7,
      39.6,
      44.6,
      49.5,
      54.5,
      59.4,
      64.4,
      69.3,
      74.3,
      79.2,
      84.2,
      89.2,
      94.1,
      99.1,
      104.0,
      109.0,
      113.9,
      118.9,
      123.8,
      128.8,
      133.7,
      138.7,
      143.6,
      148.6,
      153.5,
      158.5,
      163.4,
      168.4,
      173.4,
      178.3
    ],
    [
      24.8,
      31.0,
      37.1,
      43.3,
      49.5,
      55.7,
      61.9,
      68.1,
      74.3,
      80.5,
      86.7,
      92.9,
      99.1,
      105.3,
      111.4,
      117.6,
      123.8,
      130.0,
      136.2,
      142.4,
      148.6,
      154.8,
      161.0,
      167.2,
      173.4,
      179.5,
      185.7,
      191.9,
      198.1,
      204.3,
      210.5,
      216.7,
      222.9
    ],
    [
      29.7,
      37.1,
      44.6,
      52.0,
      59.4,
      66.9,
      74.3,
      81.7,
      89.2,
      96.6,
      104.0,
      111.4,
      118.9,
      126.3,
      133.7,
      141.2,
      148.6,
      156.0,
      163.4,
      170.9,
      178.3,
      185.7,
      193.2,
      200.6,
      208.0,
      215.5,
      222.9,
      230.3,
      237.7,
      245.2,
      252.6,
      260.0,
      267.5
    ],
    [
      34.7,
      43.3,
      52.0,
      60.7,
      69.3,
      78.0,
      86.7,
      95.3,
      104.0,
      112.7,
      121.3,
      130.0,
      138.7,
      147.4,
      156.0,
      164.7,
      173.4,
      182.0,
      190.7,
      199.4,
      208.0,
      216.7,
      225.4,
      234.0,
      242.7,
      251.4,
      260.0,
      268.7,
      277.4,
      286.0,
      294.7,
      303.4,
      312.0
    ],
    [
      39.6,
      49.5,
      59.4,
      69.3,
      79.2,
      89.2,
      99.1,
      109.0,
      118.9,
      128.8,
      138.7,
      148.6,
      158.5,
      168.4,
      178.3,
      188.2,
      198.1,
      208.0,
      217.9,
      227.8,
      237.7,
      247.7,
      257.6,
      267.5,
      277.4,
      287.3,
      297.2,
      307.1,
      317.0,
      326.9,
      336.8,
      346.7,
      356.6
    ],
    [
      44.6,
      55.7,
      66.9,
      78.0,
      89.2,
      100.3,
      111.4,
      122.6,
      133.7,
      144.9,
      156.0,
      167.2,
      178.3,
      189.5,
      200.6,
      211.7,
      222.9,
      234.0,
      245.2,
      256.3,
      267.5,
      278.6,
      289.8,
      300.9,
      312.0,
      323.2,
      334.3,
      345.5,
      356.6,
      367.8,
      378.9,
      390.0,
      401.2
    ],
    [
      49.5,
      61.9,
      74.3,
      86.7,
      99.1,
      111.4,
      123.8,
      136.2,
      148.6,
      161.0,
      173.4,
      185.7,
      198.1,
      210.5,
      222.9,
      235.3,
      247.7,
      260.0,
      272.4,
      284.8,
      297.2,
      309.6,
      321.9,
      334.3,
      346.7,
      359.1,
      371.5,
      383.9,
      396.2,
      408.6,
      421.0,
      433.4,
      445.8
    ],
    [
      54.5,
      68.1,
      81.7,
      95.3,
      109.0,
      122.6,
      136.2,
      149.8,
      163.4,
      177.1,
      190.7,
      204.3,
      217.9,
      231.6,
      245.2,
      258.8,
      272.4,
      286.0,
      299.7,
      313.3,
      326.9,
      340.5,
      354.1,
      367.8,
      381.4,
      395.0,
      408.6,
      422.2,
      435.9,
      449.5,
      463.1,
      476.7,
      490.3
    ],
    [
      59.4,
      74.3,
      89.2,
      104.0,
      118.9,
      133.7,
      148.6,
      163.4,
      178.3,
      193.2,
      208.0,
      222.9,
      237.7,
      252.6,
      267.5,
      282.3,
      297.2,
      312.0,
      326.9,
      341.8,
      356.6,
      371.5,
      386.3,
      401.2,
      416.1,
      430.9,
      445.8,
      460.6,
      475.5,
      490.3,
      505.2,
      520.1,
      534.9
    ],
    [
      64.4,
      80.5,
      96.6,
      112.7,
      128.8,
      144.9,
      161.0,
      177.1,
      193.2,
      209.3,
      225.4,
      241.5,
      257.6,
      273.7,
      289.8,
      305.8,
      321.9,
      338.0,
      354.1,
      370.2,
      386.3,
      402.4,
      418.5,
      434.6,
      450.7,
      466.8,
      482.9,
      499.0,
      515.1,
      531.2,
      547.3,
      563.4,
      579.5
    ],
    [
      69.3,
      86.7,
      104.0,
      121.3,
      138.7,
      156.0,
      173.4,
      190.7,
      208.0,
      225.4,
      242.7,
      260.0,
      277.4,
      294.7,
      312.0,
      329.4,
      346.7,
      364.0,
      381.4,
      398.7,
      416.1,
      433.4,
      450.7,
      468.1,
      485.4,
      502.7,
      520.1,
      537.4,
      554.7,
      572.1,
      589.4,
      606.7,
      624.1
    ],
    [
      74.3,
      92.9,
      111.4,
      130.0,
      148.6,
      167.2,
      185.7,
      204.3,
      222.9,
      241.5,
      260.0,
      278.6,
      297.2,
      315.8,
      334.3,
      352.9,
      371.5,
      390.0,
      408.6,
      427.2,
      445.8,
      464.3,
      482.9,
      501.5,
      520.1,
      538.6,
      557.2,
      575.8,
      594.4,
      612.9,
      631.5,
      650.1,
      668.7
    ],
    [
      79.2,
      99.1,
      118.9,
      138.7,
      158.5,
      178.3,
      198.1,
      217.9,
      237.7,
      257.6,
      277.4,
      297.2,
      317.0,
      336.8,
      356.6,
      376.4,
      396.2,
      416.1,
      435.9,
      455.7,
      475.5,
      495.3,
      515.1,
      534.9,
      554.7,
      574.5,
      594.4,
      614.2,
      634.0,
      653.8,
      673.6,
      693.4,
      713.2
    ],
    [
      84.2,
      105.3,
      126.3,
      147.4,
      168.4,
      189.5,
      210.5,
      231.6,
      252.6,
      273.7,
      294.7,
      315.8,
      336.8,
      357.9,
      378.9,
      400.0,
      421.0,
      442.1,
      463.1,
      484.2,
      505.2,
      526.3,
      547.3,
      568.4,
      589.4,
      610.5,
      631.5,
      652.6,
      673.6,
      694.7,
      715.7,
      736.8,
      757.8
    ],
    [
      89.2,
      111.4,
      133.7,
      156.0,
      178.3,
      200.6,
      222.9,
      245.2,
      267.5,
      289.8,
      312.0,
      334.3,
      356.6,
      378.9,
      401.2,
      423.5,
      445.8,
      468.1,
      490.3,
      512.6,
      534.9,
      557.2,
      579.5,
      601.8,
      624.1,
      646.4,
      668.7,
      690.9,
      713.2,
      735.5,
      757.8,
      780.1,
      802.4
    ],
    [
      94.1,
      117.6,
      141.2,
      164.7,
      188.2,
      211.7,
      235.3,
      258.8,
      282.3,
      305.8,
      329.4,
      352.9,
      376.4,
      400.0,
      423.5,
      447.0,
      470.5,
      494.1,
      517.6,
      541.1,
      564.6,
      588.2,
      611.7,
      635.2,
      658.8,
      682.3,
      705.8,
      729.3,
      752.9,
      776.4,
      799.9,
      823.4,
      847.0
    ],
    [
      99.1,
      123.8,
      148.6,
