{
  "headline_usd_ha": {
    "p5": 110.63685356704732,
    "p50": 350.4166516534236,
    "p95": 1017.3345545430356
  },
  "jackknife_plus": {
    "empirical_coverage": 0.8951048951048951,
    "coverage_floor": ">= 80%",
    "effective_n_events": 22,
    "n": 286
  },
  "map": {
    "m_MAP": 0.8467647441200785,
    "contraction": 0.5384563998802336,
    "m_drought": 1.6906488139156086,
    "slope_drought": 3.8975513139565177
  },
  "reconciliation_ratio": 2.0,
  "_note": "Honest UQ: coverage is a FLOOR (>=1-2a), effective n~22 event-years; every interval is indicative, not prudential-grade."
}