{
  "var": {
    "central": {
      "VaR95": 1416743.3956668659,
      "ES95": 1884825.6133946292,
      "VaR99": 2147196.559313344,
      "ES99": 2700065.1662200596
    },
    "low": {
      "VaR95": 758160.1744881647,
      "ES95": 1029980.8704612389,
      "VaR99": 1184097.930318846,
      "ES99": 1504549.6651641221
    },
    "high": {
      "VaR95": 2101797.4511666186,
      "ES95": 2774377.7624392835,
      "VaR99": 3141953.441172599,
      "ES99": 3955821.30655588
    }
  },
  "_note": "Parameter-uncertainty (EPISTEMIC) VaR/ES: the credible interval on expected annual UK-attributable loss, NOT a year-to-year aleatory tail."
}